nome,cpf,cns,nome da mae,data de nascimento,logradouro,numero,bairro,cidade,estado,cep,complemento
Teste de importacao,11256821756,251677910780000,mae do usuario de teste,2000-01-01,rua teste,123,bairro teste,cidade teste,SP,1001000,lote D
Teste de importacao,11256821757,251677910780001,mae do usuario de teste,2000-01-02,rua teste,124,bairro teste,cidade teste,SP,1001001,lote D
Teste de importacao,11256821758,251677910780002,mae do usuario de teste,2000-01-03,rua teste,125,bairro teste,cidade teste,SP,1001002,lote D
Teste de importacao,11256821759,251677910780003,mae do usuario de teste,2000-01-04,rua teste,126,bairro teste,cidade teste,SP,1001003,lote D
Teste de importacao,11256821760,251677910780004,mae do usuario de teste,2000-01-05,rua teste,127,bairro teste,cidade teste,SP,1001004,lote D
Teste de importacao,11256821761,251677910780005,mae do usuario de teste,2000-01-06,rua teste,128,bairro teste,cidade teste,SP,1001005,lote D
Teste de importacao,11256821762,251677910780006,mae do usuario de teste,2000-01-07,rua teste,129,bairro teste,cidade teste,SP,1001006,lote D
Teste de importacao,11256821763,251677910780007,mae do usuario de teste,2000-01-08,rua teste,130,bairro teste,cidade teste,SP,1001007,lote D
Teste de importacao,11256821764,251677910780008,mae do usuario de teste,2000-01-09,rua teste,131,bairro teste,cidade teste,SP,1001008,lote D
Teste de importacao,11256821765,251677910780009,mae do usuario de teste,2000-01-10,rua teste,132,bairro teste,cidade teste,SP,1001009,lote D
Teste de importacao,11256821766,251677910780010,mae do usuario de teste,2000-01-11,rua teste,133,bairro teste,cidade teste,SP,1001010,lote D
Teste de importacao,11256821767,251677910780011,mae do usuario de teste,2000-01-12,rua teste,134,bairro teste,cidade teste,SP,1001011,lote D
Teste de importacao,11256821768,251677910780012,mae do usuario de teste,2000-01-13,rua teste,135,bairro teste,cidade teste,SP,1001012,lote D
Teste de importacao,11256821769,251677910780013,mae do usuario de teste,2000-01-14,rua teste,136,bairro teste,cidade teste,SP,1001013,lote D
Teste de importacao,11256821770,251677910780014,mae do usuario de teste,2000-01-15,rua teste,137,bairro teste,cidade teste,SP,1001014,lote D
Teste de importacao,11256821771,251677910780015,mae do usuario de teste,2000-01-16,rua teste,138,bairro teste,cidade teste,SP,1001015,lote D
Teste de importacao,11256821772,251677910780016,mae do usuario de teste,2000-01-17,rua teste,139,bairro teste,cidade teste,SP,1001016,lote D
Teste de importacao,11256821773,251677910780017,mae do usuario de teste,2000-01-18,rua teste,140,bairro teste,cidade teste,SP,1001017,lote D
Teste de importacao,11256821774,251677910780018,mae do usuario de teste,2000-01-19,rua teste,141,bairro teste,cidade teste,SP,1001018,lote D
Teste de importacao,11256821775,251677910780019,mae do usuario de teste,2000-01-20,rua teste,142,bairro teste,cidade teste,SP,1001019,lote D
Teste de importacao,11256821776,251677910780020,mae do usuario de teste,2000-01-21,rua teste,143,bairro teste,cidade teste,SP,1001020,lote D
Teste de importacao,11256821777,251677910780021,mae do usuario de teste,2000-01-22,rua teste,144,bairro teste,cidade teste,SP,1001021,lote D
Teste de importacao,11256821778,251677910780022,mae do usuario de teste,2000-01-23,rua teste,145,bairro teste,cidade teste,SP,1001022,lote D
Teste de importacao,11256821779,251677910780023,mae do usuario de teste,2000-01-24,rua teste,146,bairro teste,cidade teste,SP,1001023,lote D
Teste de importacao,11256821780,251677910780024,mae do usuario de teste,2000-01-25,rua teste,147,bairro teste,cidade teste,SP,1001024,lote D
Teste de importacao,11256821781,251677910780025,mae do usuario de teste,2000-01-26,rua teste,148,bairro teste,cidade teste,SP,1001025,lote D
Teste de importacao,11256821782,251677910780026,mae do usuario de teste,2000-01-27,rua teste,149,bairro teste,cidade teste,SP,1001026,lote D
Teste de importacao,11256821783,251677910780027,mae do usuario de teste,2000-01-28,rua teste,150,bairro teste,cidade teste,SP,1001027,lote D
Teste de importacao,11256821784,251677910780028,mae do usuario de teste,2000-01-29,rua teste,151,bairro teste,cidade teste,SP,1001028,lote D
Teste de importacao,11256821785,251677910780029,mae do usuario de teste,2000-01-30,rua teste,152,bairro teste,cidade teste,SP,1001029,lote D
Teste de importacao,11256821786,251677910780030,mae do usuario de teste,2000-01-31,rua teste,153,bairro teste,cidade teste,SP,1001030,lote D
Teste de importacao,11256821787,251677910780031,mae do usuario de teste,2000-02-01,rua teste,154,bairro teste,cidade teste,SP,1001031,lote D
Teste de importacao,11256821788,251677910780032,mae do usuario de teste,2000-02-02,rua teste,155,bairro teste,cidade teste,SP,1001032,lote D
Teste de importacao,11256821789,251677910780033,mae do usuario de teste,2000-02-03,rua teste,156,bairro teste,cidade teste,SP,1001033,lote D
Teste de importacao,11256821790,251677910780034,mae do usuario de teste,2000-02-04,rua teste,157,bairro teste,cidade teste,SP,1001034,lote D
Teste de importacao,11256821791,251677910780035,mae do usuario de teste,2000-02-05,rua teste,158,bairro teste,cidade teste,SP,1001035,lote D
Teste de importacao,11256821792,251677910780036,mae do usuario de teste,2000-02-06,rua teste,159,bairro teste,cidade teste,SP,1001036,lote D
Teste de importacao,11256821793,251677910780037,mae do usuario de teste,2000-02-07,rua teste,160,bairro teste,cidade teste,SP,1001037,lote D
Teste de importacao,11256821794,251677910780038,mae do usuario de teste,2000-02-08,rua teste,161,bairro teste,cidade teste,SP,1001038,lote D
Teste de importacao,11256821795,251677910780039,mae do usuario de teste,2000-02-09,rua teste,162,bairro teste,cidade teste,SP,1001039,lote D
Teste de importacao,11256821796,251677910780040,mae do usuario de teste,2000-02-10,rua teste,163,bairro teste,cidade teste,SP,1001040,lote D
Teste de importacao,11256821797,251677910780041,mae do usuario de teste,2000-02-11,rua teste,164,bairro teste,cidade teste,SP,1001041,lote D
Teste de importacao,11256821798,251677910780042,mae do usuario de teste,2000-02-12,rua teste,165,bairro teste,cidade teste,SP,1001042,lote D
Teste de importacao,11256821799,251677910780043,mae do usuario de teste,2000-02-13,rua teste,166,bairro teste,cidade teste,SP,1001043,lote D
Teste de importacao,11256821800,251677910780044,mae do usuario de teste,2000-02-14,rua teste,167,bairro teste,cidade teste,SP,1001044,lote D
Teste de importacao,11256821801,251677910780045,mae do usuario de teste,2000-02-15,rua teste,168,bairro teste,cidade teste,SP,1001045,lote D
Teste de importacao,11256821802,251677910780046,mae do usuario de teste,2000-02-16,rua teste,169,bairro teste,cidade teste,SP,1001046,lote D
Teste de importacao,11256821803,251677910780047,mae do usuario de teste,2000-02-17,rua teste,170,bairro teste,cidade teste,SP,1001047,lote D
Teste de importacao,11256821804,251677910780048,mae do usuario de teste,2000-02-18,rua teste,171,bairro teste,cidade teste,SP,1001048,lote D
Teste de importacao,11256821805,251677910780049,mae do usuario de teste,2000-02-19,rua teste,172,bairro teste,cidade teste,SP,1001049,lote D
